"id","timestamp","alert_level","message"
1,"2026-01-04 13:18:29.228861","WARNING","WARNING: System health is 60.96. Performance degradation detected."
2,"2026-01-04 13:23:41.392507","WARNING","WARNING: System health is 58.16. Performance degradation detected."
3,"2026-01-04 13:23:47.182981","WARNING","WARNING: System health is 58.42. Performance degradation detected."
4,"2026-01-04 13:23:51.402424","WARNING","WARNING: System health is 57.02. Performance degradation detected."
5,"2026-01-04 13:25:59.897905","WARNING","WARNING: System health is 59.34. Performance degradation detected."
6,"2026-01-04 13:26:06.096846","WARNING","WARNING: System health is 55.28. Performance degradation detected."
7,"2026-01-04 13:26:12.001298","WARNING","WARNING: System health is 58.45. Performance degradation detected."
8,"2026-01-04 13:26:16.568105","WARNING","WARNING: System health is 52.14. Performance degradation detected."
9,"2026-01-04 13:26:20.697596","WARNING","WARNING: System health is 59.62. Performance degradation detected."
10,"2026-01-04 13:54:13.576602","WARNING","WARNING: System health is 57.91. Performance degradation detected."
11,"2026-01-04 13:54:19.903529","WARNING","WARNING: System health is 57.72. Performance degradation detected."
12,"2026-01-04 13:54:24.984307","WARNING","WARNING: System health is 50.36. Performance degradation detected."
13,"2026-01-04 13:55:58.664507","CRITICAL","CRITICAL ALERT: System health is 47.99. Immediate action required."
14,"2026-01-04 13:56:04.553235","WARNING","WARNING: System health is 53.87. Performance degradation detected."
15,"2026-01-04 13:56:10.999904","WARNING","WARNING: System health is 55.33. Performance degradation detected."
16,"2026-01-04 13:58:02.62719","WARNING","WARNING: System health is 59.69. Performance degradation detected."
17,"2026-01-04 13:58:08.605951","WARNING","WARNING: System health is 59.74. Performance degradation detected."
18,"2026-01-04 13:58:13.138922","WARNING","WARNING: System health is 55.38. Performance degradation detected."
19,"2026-01-04 14:03:46.392329","WARNING","WARNING: System health is 55.33. Performance degradation detected."
20,"2026-01-04 14:03:53.666151","WARNING","WARNING: System health is 52.49. Performance degradation detected."
21,"2026-01-04 14:03:58.252217","WARNING","WARNING: System health is 58.98. Performance degradation detected."
22,"2026-01-04 14:04:02.650446","WARNING","WARNING: System health is 59.49. Performance degradation detected."
23,"2026-01-04 14:04:06.792655","WARNING","WARNING: System health is 54.29. Performance degradation detected."
24,"2026-01-04 14:04:11.199804","WARNING","WARNING: System health is 58.53. Performance degradation detected."
25,"2026-01-04 14:04:15.539458","WARNING","WARNING: System health is 58.85. Performance degradation detected."
26,"2026-01-10 11:19:34.990878","WARNING","WARNING: System health is 54.9. Performance degradation detected."
27,"2026-03-15 15:29:04.796837","WARNING","WARNING: System health is 54.13. Performance degradation detected."
28,"2026-03-15 15:36:58.051807","WARNING","WARNING: System health is 56.23. Performance degradation detected."
29,"2026-03-15 15:37:01.259037","WARNING","WARNING: System health is 55.4. Performance degradation detected."
30,"2026-03-15 15:37:04.524424","WARNING","WARNING: System health is 58.66. Performance degradation detected."
31,"2026-03-17 06:12:34.539614","WARNING","WARNING: System health is 66.43. Performance degradation detected."
32,"2026-03-17 06:12:36.618794","WARNING","WARNING: System health is 66.36. Performance degradation detected."
33,"2026-03-17 06:12:38.743197","WARNING","WARNING: System health is 63.77. Performance degradation detected."
34,"2026-03-21 21:28:41.77255","WARNING","WARNING: System health is 57.3. Performance degradation detected."
35,"2026-03-21 21:28:45.47072","WARNING","WARNING: System health is 63.13. Performance degradation detected."
36,"2026-03-21 21:28:49.279342","WARNING","WARNING: System health is 58.42. Performance degradation detected."
